0;1;Person79;Person8;0;8.668413178974852;50.574996578974854;MEAT;35274;0;3;6;true;1;Person80;Person82;0;8.671401346943897;50.5803595469439;MEAT;35275;0;5;7;true;2;Person203;Person96;0;8.67298543444136;50.58641903444135;MEAT;35282;0;4;8;true;3
1;1;Person117;Personx51;1;8.663883678905329;50.57841747890533;ANY;50;1;4;7;false;1;Person173;Person230;0;8.672507551495851;50.58594115149584;ANY;35313;1;3;8;true;2;Person31;Person229;0;8.683892496066427;50.588605196066425;ANY;35290;1;5;6;true;3
2;1;Person137;Person193;0;8.681216602209107;50.5775551022091;ANY;35304;2;5;8;true;1;Person77;Personx37;1;8.676578081971023;50.57886008197102;ANY;36;2;4;6;false;2;Person18;Person212;0;8.686040586618924;50.58646798661892;ANY;35288;2;3;7;true;3
9;1;Person21;Personx7;1;8.685734197139844;50.576635397139846;ANY;6;9;12;15;false;1;Person113;Person67;0;8.67593888164987;50.58044888164987;ANY;35301;9;14;16;true;2;Person24;Personx8;1;8.676057363906686;50.586267363906686;MEAT;7;9;13;17;false;3
10;1;Person163;Person224;0;8.684518874971834;50.57930597497183;ANY;35310;10;13;16;true;1;Person49;Personx22;1;8.678883636644958;50.587188736644954;ANY;21;10;12;17;false;2;Person85;Person46;0;8.67700965640616;50.587075956406174;MEAT;35276;10;14;15;true;3
11;1;Person9;Person156;0;8.667047732873854;50.58279563287387;ANY;35285;11;14;17;true;1;Person98;Personx45;1;8.674957917295314;50.58590161729532;ANY;44;11;13;15;false;2;Person168;Person227;0;8.68151506608149;50.59463476608149;ANY;35312;11;12;16;true;3
18;1;Person73;Person162;0;8.692939021612922;50.592228121612926;ANY;35296;18;21;24;true;1;Person147;Person103;0;8.667047732873854;50.58279563287387;MEAT;35278;18;23;25;true;2;Person154;Person223;0;8.686014200624939;50.59846340062495;ANY;35307;18;22;26;true;3
19;1;Person102;Person191;0;8.689115693797275;50.60129999379728;ANY;35299;19;22;25;true;1;Person75;Person17;0;8.688248785207652;50.58700358520764;MEAT;35297;19;21;26;true;2;Person97;Person197;0;8.683673316074112;50.595896616074114;MEAT;35277;19;23;24;true;3
20;1;Person188;Person87;0;8.690880762836139;50.59767386283614;ANY;35315;20;23;26;true;1;Person22;Person217;0;8.687233052727542;50.598128052727546;ANY;35289;20;22;24;true;2;Person47;Personx20;1;8.68003563518013;50.59493573518013;ANY;19;20;21;25;false;3
27;1;Person32;Personx11;1;8.715372110353728;50.58857771035373;ANY;10;27;30;33;false;1;Person34;Person134;0;8.690051707206509;50.58585800720651;ANY;35291;27;32;34;true;2;Person192;Person5;0;8.681891196038887;50.576791396038885;MEAT;35281;27;31;35;true;3
28;1;Person174;Person201;0;8.658652129889349;50.57186242988934;MEAT;35279;28;31;34;true;1;Person220;Person95;0;8.66972376389794;50.581443763897944;ANY;35318;28;30;35;true;2;Person186;Person219;0;8.677227638993099;50.5782781389931;MEAT;35280;28;32;33;true;3
29;1;Person41;Personx17;1;8.662779615006515;50.578473215006504;ANY;16;29;32;35;false;1;Person12;Person234;0;8.674385041595894;50.581491541595895;MEAT;35286;29;31;33;true;2;Person48;Personx21;1;8.676833411700072;50.587137211700075;ANY;20;29;30;34;false;3
36;1;Person55;Person166;0;8.66277111322317;50.578817813223175;ANY;35293;36;39;42;true;1;Person171;Personx66;1;8.669497129724807;50.582843329724795;MEAT;65;36;41;43;false;2;Person155;Personx64;1;8.675285592695355;50.586022292695354;ANY;63;36;40;44;false;3
37;1;Person132;Personx57;1;8.673128831119259;50.57748513111925;ANY;56;37;40;43;false;1;Person140;Personx59;1;8.675987725636151;50.58102612563615;MEAT;58;37;39;44;false;2;Person158;Person169;0;8.67353055827551;50.59210195827551;ANY;35308;37;41;42;true;3
38;1;Person78;Personx38;1;8.666914349610986;50.580148849610985;ANY;37;38;41;44;false;1;Person209;Person53;0;8.66552468117139;50.58983868117138;MEAT;35283;38;40;42;true;2;Person139;Personx58;1;8.666420803639866;50.593135003639865;ANY;57;38;39;43;false;3
45;1;Person6;Person211;0;8.694084936773008;50.584194536773;VEGGIE;35284;45;48;51;true;1;Person30;Person198;0;8.681194363620625;50.582011463620624;VEGGIE;35248;45;50;52;true;2;Person104;Person92;0;8.679545611822883;50.58921591182288;VEGGIE;35253;45;49;53;true;3
46;1;Person170;Person126;0;8.676728843354113;50.57670884335411;VEGGIE;35263;46;49;52;true;1;Person25;Personx9;1;8.67437965355096;50.585509553550956;VEGGIE;8;46;48;53;false;2;Person144;Personx61;1;8.67508333594985;50.58621323594985;VEGGIE;60;46;50;51;false;3
47;1;Person133;Person43;0;8.67073904401206;50.57969724401207;VEGGIE;35258;47;50;53;true;1;Person33;Personx12;1;8.668840259833873;50.58220355983387;VEGGIE;11;47;49;51;false;2;Person14;Person237;0;8.680194447739904;50.59294844773991;VEGGIE;35287;47;48;52;true;3
54;1;Person130;Person90;0;8.705241939354703;50.58915193935471;VEGGIE;35257;54;57;60;true;1;Person165;Person210;0;8.68155454839554;50.58184724839554;VEGGIE;35311;54;59;61;true;2;Person153;Person181;0;8.672899467150245;50.58217946715025;VEGGIE;35260;54;58;62;true;3
55;1;Person106;Personx46;1;8.693517538734978;50.587770238734976;VEGGIE;45;55;58;61;false;1;Person76;Person145;0;8.677430757765212;50.58573585776521;VEGGIE;35251;55;57;62;true;2;Person101;Person199;0;8.675937684874144;50.59345798487414;VEGGIE;35252;55;59;60;true;3
56;1;Person108;Person13;0;8.674109948270395;50.5764905482704;VEGGIE;35255;56;59;62;true;1;Person44;Person88;0;8.675704758682452;50.57915105868245;VEGGIE;35249;56;58;60;true;2;Person122;Person1;0;8.673368271555807;50.5941282715558;VEGGIE;35302;56;57;61;true;3
63;1;Person62;Person2;0;8.718914539788807;50.590899839788804;VEGGIE;35250;63;66;69;true;1;Person109;Personx48;1;8.707162602581494;50.590692602581505;VEGGIE;47;63;68;70;false;2;Person105;Person112;0;8.667047732873854;50.58279563287387;VEGGIE;35254;63;67;71;true;3
64;1;Person167;Person206;0;8.709418000560788;50.58189800056079;VEGGIE;35262;64;67;70;true;1;Person221;Person215;0;8.70259909717049;50.58946689717049;VEGGIE;35271;64;66;71;true;2;Person115;Person29;0;8.690711820698867;50.598416220698866;VEGGIE;35256;64;68;69;true;3
65;1;Person136;Person135;0;8.70559476974097;50.605091169740966;VEGGIE;35259;65;68;71;true;1;Person233;Person205;0;8.69492300060721;50.60530490060721;VEGGIE;35273;65;67;69;true;2;Person152;Person60;0;8.668144436221954;50.58572953622196;VEGGIE;35306;65;66;70;true;3
72;1;Person164;Person196;0;8.65772146601726;50.57093176601726;VEGGIE;35261;72;75;78;true;1;Person160;Person146;0;8.667820533296938;50.58540563329694;VEGGIE;35309;72;77;79;true;2;Person185;Person226;0;8.676182964119043;50.58731286411904;VEGGIE;35314;72;76;80;true;3
73;1;Person4;Personx2;1;8.683278559866123;50.58156255986612;VEGGIE;1;73;76;79;false;1;Person172;Person232;0;8.68238010723739;50.58709280723739;VEGGIE;35264;73;75;80;true;2;Person40;Personx16;1;8.677676558333479;50.589846758333486;VEGGIE;15;73;77;78;false;3
74;1;Person142;Person23;0;8.669084504431382;50.58412450443137;VEGGIE;35305;74;77;80;true;1;Person208;Person213;0;8.671049007062663;50.585202807062664;VEGGIE;35316;74;76;78;true;2;Person218;Person225;0;8.674644627436523;50.59540462743652;VEGGIE;35317;74;75;79;true;3
81;1;Person189;Person161;0;8.696563125142836;50.606945025142835;VEGAN;35246;81;84;87;true;1;Person180;Personx69;1;8.692885345053302;50.587227745053305;VEGGIE;68;81;86;88;false;2;Person38;Personx15;1;8.68087643265624;50.579335732656226;VEGAN;14;81;85;89;false;3
82;1;Person178;Person204;0;8.698584217770424;50.58606791777043;VEGGIE;35265;82;85;88;true;1;Person56;Person195;0;8.690842318196824;50.58499141819682;VEGGIE;35294;82;84;89;true;2;Person207;Person63;0;8.674098255012767;50.58686865501276;VEGGIE;35270;82;86;87;true;3
83;1;Person175;Person141;0;8.697032225211784;50.58218232521178;VEGAN;35244;83;86;89;true;1;Person124;Person27;0;8.68117388238734;50.57964918238733;VEGAN;35242;83;85;87;true;2;Person202;Person216;0;8.669050525274022;50.58128902527402;VEGGIE;35269;83;84;88;true;3
90;1;Person119;Person231;0;8.705518693858256;50.58904869385827;VEGAN;35240;90;93;96;true;1;Person150;Person157;0;8.685748964106464;50.582358964106454;VEGAN;35243;90;95;97;true;2;Person72;Person28;0;8.678239596150528;50.59166039615053;VEGAN;35295;90;94;98;true;3
91;1;Person179;Person39;0;8.691501482641602;50.5856505826416;VEGAN;35245;91;94;97;true;1;Person16;Personx5;1;8.683101670107648;50.584839070107655;VEGAN;4;91;93;98;false;2;Person99;Person89;0;8.67304814385841;50.57709814385839;VEGAN;35239;91;95;96;true;3
92;1;Person15;Person81;0;8.68696797205963;50.57840827205963;VEGAN;35237;92;95;98;true;1;Person222;Person111;0;8.682407402875608;50.58129880287561;VEGGIE;35272;92;94;96;true;2;Person110;Person138;0;8.669735587270592;50.584974587270594;VEGAN;35300;92;93;97;true;3
99;1;Person200;Person236;0;8.661138031574977;50.576691831574976;VEGAN;35268;99;102;105;true;1;Person51;Personx24;1;8.668340710895189;50.583463310895176;VEGAN;23;99;104;106;false;2;Person235;Person61;0;8.67598973297304;50.585041532973044;VEGAN;35247;99;103;107;true;3
100;1;Person7;Personx3;1;8.661605134221313;50.57631493422131;VEGGIE;2;100;103;106;false;1;Person100;Person131;0;8.672565020199283;50.57914452019928;VEGAN;35298;100;102;107;true;2;Person58;Person125;0;8.675871008421705;50.587372108421704;VEGAN;35238;100;104;105;true;3
101;1;Person45;Personx19;1;8.678769443500073;50.57918034350008;VEGAN;18;101;104;107;false;1;Person128;Person214;0;8.676411948295385;50.58098194829539;VEGAN;35303;101;103;105;true;2;Person37;Person187;0;8.671548852531592;50.590808852531595;VEGAN;35292;101;102;106;true;3
108;1;Person183;Person10;0;8.719772776126227;50.591925376126234;VEGAN;35266;108;111;114;true;1;Person120;Personx53;1;8.68348361247169;50.584671312471684;VEGGIE;52;108;113;115;false;2;Person11;Personx4;1;8.681190328226592;50.57991322822659;VEGGIE;3;108;112;116;false;3
109;1;Person123;Person20;0;8.713355020601862;50.60878552060185;VEGAN;35241;109;112;115;true;1;Person69;Personx33;1;8.68259769882404;50.58731039882404;VEGGIE;32;109;111;116;false;2;Person121;Personx54;1;8.673342046004947;50.58207134600495;VEGGIE;53;109;113;114;false;3
110;1;Person194;Person149;0;8.700981703134975;50.588465403134975;VEGAN;35267;110;113;116;true;1;Person129;Personx56;1;8.681594030966668;50.58151713096667;VEGGIE;55;110;112;114;false;2;Person118;Personx52;1;8.675361827515003;50.576607127515;VEGGIE;51;110;111;115;false;3
117;1;Person36;Personx14;1;8.66139991973554;50.577341819735544;VEGGIE;13;117;120;123;false;1;Person116;Personx50;1;8.673298097177828;50.57875489717783;VEGGIE;49;117;122;124;false;2;Person91;Personx42;1;8.674675114778584;50.585729414778584;VEGGIE;41;117;121;125;false;3
118;1;Person26;Personx10;1;8.67299054580773;50.576247145807734;VEGGIE;9;118;121;124;false;1;Person127;Personx55;1;8.676555678271379;50.580791978271364;VEGGIE;54;118;120;125;false;2;Person159;Personx65;1;8.675942781168803;50.59390988116879;VEGGIE;64;118;122;123;false;3
119;1;Person228;Personx73;1;8.675847472405028;50.57733957240503;VEGGIE;72;119;122;125;false;1;Person94;Personx44;1;8.677334512101142;50.584241512101144;VEGGIE;43;119;121;123;false;2;Person114;Personx49;1;8.677838956553922;50.59472645655391;VEGGIE;48;119;120;124;false;3
126;1;Person151;Personx63;1;8.7062086633943;50.589738663394314;VEGGIE;62;126;129;132;false;1;Person70;Personx34;1;8.682240307254789;50.58401170725479;VEGGIE;33;126;131;133;false;2;Person54;Personx26;1;8.673517508857538;50.586979008857526;VEGGIE;25;126;130;134;false;3
127;1;Person84;Personx40;1;8.682341842315855;50.58123324231586;VEGGIE;39;127;130;133;false;1;Person71;Personx35;1;8.681680738784756;50.58466573878476;VEGGIE;34;127;129;134;false;2;Person64;Personx29;1;8.672532995582184;50.58742299558219;VEGGIE;28;127;131;132;false;3
128;1;Person66;Personx31;1;8.682005004090913;50.58319270409091;VEGGIE;30;128;131;134;false;1;Person65;Personx30;1;8.678955722179989;50.59059052217999;VEGGIE;29;128;130;132;false;2;Person52;Personx25;1;8.669987238017324;50.585691138017324;VEGGIE;24;128;129;133;false;3
135;1;Person74;Personx36;1;8.669987238017324;50.585691138017324;VEGAN;35;135;138;141;false;1;Person68;Personx32;1;8.66915582248653;50.572325822486526;VEGAN;31;135;140;142;false;2;Person184;Personx71;1;8.671538236138767;50.57300523613877;VEGAN;70;135;139;143;false;3
136;1;Person143;Personx60;1;8.708555109865832;50.58999210986583;VEGGIE;59;136;139;142;false;1;Person3;Personx1;1;8.681372017093311;50.5820794170933;VEGAN;0;136;138;143;false;2;Person176;Personx67;1;8.676798741197352;50.58160214119735;VEGAN;66;136;140;141;false;3
137;1;Person182;Personx70;1;8.707346009513081;50.58878300951308;VEGAN;69;137;140;143;false;1;Person148;Personx62;1;8.677990515344048;50.58256051534405;VEGAN;61;137;139;141;false;2;Person107;Personx47;1;8.673384877370186;50.58417547737018;VEGGIE;46;137;138;142;false;3
3;2;Person79;Person8;0;8.668413178974852;50.574996578974854;MEAT;35274;0;3;6;true;1;Person173;Person230;0;8.672507551495851;50.58594115149584;ANY;35313;1;3;8;true;2;Person18;Person212;0;8.686040586618924;50.58646798661892;ANY;35288;2;3;7;true;3
4;2;Person117;Personx51;1;8.663883678905329;50.57841747890533;ANY;50;1;4;7;false;1;Person77;Personx37;1;8.676578081971023;50.57886008197102;ANY;36;2;4;6;false;2;Person203;Person96;0;8.67298543444136;50.58641903444135;MEAT;35282;0;4;8;true;3
5;2;Person137;Person193;0;8.681216602209107;50.5775551022091;ANY;35304;2;5;8;true;1;Person80;Person82;0;8.671401346943897;50.5803595469439;MEAT;35275;0;5;7;true;2;Person31;Person229;0;8.683892496066427;50.588605196066425;ANY;35290;1;5;6;true;3
12;2;Person21;Personx7;1;8.685734197139844;50.576635397139846;ANY;6;9;12;15;false;1;Person49;Personx22;1;8.678883636644958;50.587188736644954;ANY;21;10;12;17;false;2;Person168;Person227;0;8.68151506608149;50.59463476608149;ANY;35312;11;12;16;true;3
13;2;Person163;Person224;0;8.684518874971834;50.57930597497183;ANY;35310;10;13;16;true;1;Person98;Personx45;1;8.674957917295314;50.58590161729532;ANY;44;11;13;15;false;2;Person24;Personx8;1;8.676057363906686;50.586267363906686;MEAT;7;9;13;17;false;3
14;2;Person9;Person156;0;8.667047732873854;50.58279563287387;ANY;35285;11;14;17;true;1;Person113;Person67;0;8.67593888164987;50.58044888164987;ANY;35301;9;14;16;true;2;Person85;Person46;0;8.67700965640616;50.587075956406174;MEAT;35276;10;14;15;true;3
21;2;Person73;Person162;0;8.692939021612922;50.592228121612926;ANY;35296;18;21;24;true;1;Person75;Person17;0;8.688248785207652;50.58700358520764;MEAT;35297;19;21;26;true;2;Person47;Personx20;1;8.68003563518013;50.59493573518013;ANY;19;20;21;25;false;3
22;2;Person102;Person191;0;8.689115693797275;50.60129999379728;ANY;35299;19;22;25;true;1;Person22;Person217;0;8.687233052727542;50.598128052727546;ANY;35289;20;22;24;true;2;Person154;Person223;0;8.686014200624939;50.59846340062495;ANY;35307;18;22;26;true;3
23;2;Person188;Person87;0;8.690880762836139;50.59767386283614;ANY;35315;20;23;26;true;1;Person147;Person103;0;8.667047732873854;50.58279563287387;MEAT;35278;18;23;25;true;2;Person97;Person197;0;8.683673316074112;50.595896616074114;MEAT;35277;19;23;24;true;3
30;2;Person32;Personx11;1;8.715372110353728;50.58857771035373;ANY;10;27;30;33;false;1;Person220;Person95;0;8.66972376389794;50.581443763897944;ANY;35318;28;30;35;true;2;Person48;Personx21;1;8.676833411700072;50.587137211700075;ANY;20;29;30;34;false;3
31;2;Person174;Person201;0;8.658652129889349;50.57186242988934;MEAT;35279;28;31;34;true;1;Person12;Person234;0;8.674385041595894;50.581491541595895;MEAT;35286;29;31;33;true;2;Person192;Person5;0;8.681891196038887;50.576791396038885;MEAT;35281;27;31;35;true;3
32;2;Person41;Personx17;1;8.662779615006515;50.578473215006504;ANY;16;29;32;35;false;1;Person34;Person134;0;8.690051707206509;50.58585800720651;ANY;35291;27;32;34;true;2;Person186;Person219;0;8.677227638993099;50.5782781389931;MEAT;35280;28;32;33;true;3
39;2;Person55;Person166;0;8.66277111322317;50.578817813223175;ANY;35293;36;39;42;true;1;Person140;Personx59;1;8.675987725636151;50.58102612563615;MEAT;58;37;39;44;false;2;Person139;Personx58;1;8.666420803639866;50.593135003639865;ANY;57;38;39;43;false;3
40;2;Person132;Personx57;1;8.673128831119259;50.57748513111925;ANY;56;37;40;43;false;1;Person209;Person53;0;8.66552468117139;50.58983868117138;MEAT;35283;38;40;42;true;2;Person155;Personx64;1;8.675285592695355;50.586022292695354;ANY;63;36;40;44;false;3
41;2;Person78;Personx38;1;8.666914349610986;50.580148849610985;ANY;37;38;41;44;false;1;Person171;Personx66;1;8.669497129724807;50.582843329724795;MEAT;65;36;41;43;false;2;Person158;Person169;0;8.67353055827551;50.59210195827551;ANY;35308;37;41;42;true;3
48;2;Person6;Person211;0;8.694084936773008;50.584194536773;VEGGIE;35284;45;48;51;true;1;Person25;Personx9;1;8.67437965355096;50.585509553550956;VEGGIE;8;46;48;53;false;2;Person14;Person237;0;8.680194447739904;50.59294844773991;VEGGIE;35287;47;48;52;true;3
49;2;Person170;Person126;0;8.676728843354113;50.57670884335411;VEGGIE;35263;46;49;52;true;1;Person33;Personx12;1;8.668840259833873;50.58220355983387;VEGGIE;11;47;49;51;false;2;Person104;Person92;0;8.679545611822883;50.58921591182288;VEGGIE;35253;45;49;53;true;3
50;2;Person133;Person43;0;8.67073904401206;50.57969724401207;VEGGIE;35258;47;50;53;true;1;Person30;Person198;0;8.681194363620625;50.582011463620624;VEGGIE;35248;45;50;52;true;2;Person144;Personx61;1;8.67508333594985;50.58621323594985;VEGGIE;60;46;50;51;false;3
57;2;Person130;Person90;0;8.705241939354703;50.58915193935471;VEGGIE;35257;54;57;60;true;1;Person76;Person145;0;8.677430757765212;50.58573585776521;VEGGIE;35251;55;57;62;true;2;Person122;Person1;0;8.673368271555807;50.5941282715558;VEGGIE;35302;56;57;61;true;3
58;2;Person106;Personx46;1;8.693517538734978;50.587770238734976;VEGGIE;45;55;58;61;false;1;Person44;Person88;0;8.675704758682452;50.57915105868245;VEGGIE;35249;56;58;60;true;2;Person153;Person181;0;8.672899467150245;50.58217946715025;VEGGIE;35260;54;58;62;true;3
59;2;Person108;Person13;0;8.674109948270395;50.5764905482704;VEGGIE;35255;56;59;62;true;1;Person165;Person210;0;8.68155454839554;50.58184724839554;VEGGIE;35311;54;59;61;true;2;Person101;Person199;0;8.675937684874144;50.59345798487414;VEGGIE;35252;55;59;60;true;3
66;2;Person62;Person2;0;8.718914539788807;50.590899839788804;VEGGIE;35250;63;66;69;true;1;Person221;Person215;0;8.70259909717049;50.58946689717049;VEGGIE;35271;64;66;71;true;2;Person152;Person60;0;8.668144436221954;50.58572953622196;VEGGIE;35306;65;66;70;true;3
67;2;Person167;Person206;0;8.709418000560788;50.58189800056079;VEGGIE;35262;64;67;70;true;1;Person233;Person205;0;8.69492300060721;50.60530490060721;VEGGIE;35273;65;67;69;true;2;Person105;Person112;0;8.667047732873854;50.58279563287387;VEGGIE;35254;63;67;71;true;3
68;2;Person136;Person135;0;8.70559476974097;50.605091169740966;VEGGIE;35259;65;68;71;true;1;Person109;Personx48;1;8.707162602581494;50.590692602581505;VEGGIE;47;63;68;70;false;2;Person115;Person29;0;8.690711820698867;50.598416220698866;VEGGIE;35256;64;68;69;true;3
75;2;Person164;Person196;0;8.65772146601726;50.57093176601726;VEGGIE;35261;72;75;78;true;1;Person172;Person232;0;8.68238010723739;50.58709280723739;VEGGIE;35264;73;75;80;true;2;Person218;Person225;0;8.674644627436523;50.59540462743652;VEGGIE;35317;74;75;79;true;3
76;2;Person4;Personx2;1;8.683278559866123;50.58156255986612;VEGGIE;1;73;76;79;false;1;Person208;Person213;0;8.671049007062663;50.585202807062664;VEGGIE;35316;74;76;78;true;2;Person185;Person226;0;8.676182964119043;50.58731286411904;VEGGIE;35314;72;76;80;true;3
77;2;Person142;Person23;0;8.669084504431382;50.58412450443137;VEGGIE;35305;74;77;80;true;1;Person160;Person146;0;8.667820533296938;50.58540563329694;VEGGIE;35309;72;77;79;true;2;Person40;Personx16;1;8.677676558333479;50.589846758333486;VEGGIE;15;73;77;78;false;3
84;2;Person189;Person161;0;8.696563125142836;50.606945025142835;VEGAN;35246;81;84;87;true;1;Person56;Person195;0;8.690842318196824;50.58499141819682;VEGGIE;35294;82;84;89;true;2;Person202;Person216;0;8.669050525274022;50.58128902527402;VEGGIE;35269;83;84;88;true;3
85;2;Person178;Person204;0;8.698584217770424;50.58606791777043;VEGGIE;35265;82;85;88;true;1;Person124;Person27;0;8.68117388238734;50.57964918238733;VEGAN;35242;83;85;87;true;2;Person38;Personx15;1;8.68087643265624;50.579335732656226;VEGAN;14;81;85;89;false;3
86;2;Person175;Person141;0;8.697032225211784;50.58218232521178;VEGAN;35244;83;86;89;true;1;Person180;Personx69;1;8.692885345053302;50.587227745053305;VEGGIE;68;81;86;88;false;2;Person207;Person63;0;8.674098255012767;50.58686865501276;VEGGIE;35270;82;86;87;true;3
93;2;Person119;Person231;0;8.705518693858256;50.58904869385827;VEGAN;35240;90;93;96;true;1;Person16;Personx5;1;8.683101670107648;50.584839070107655;VEGAN;4;91;93;98;false;2;Person110;Person138;0;8.669735587270592;50.584974587270594;VEGAN;35300;92;93;97;true;3
94;2;Person179;Person39;0;8.691501482641602;50.5856505826416;VEGAN;35245;91;94;97;true;1;Person222;Person111;0;8.682407402875608;50.58129880287561;VEGGIE;35272;92;94;96;true;2;Person72;Person28;0;8.678239596150528;50.59166039615053;VEGAN;35295;90;94;98;true;3
95;2;Person15;Person81;0;8.68696797205963;50.57840827205963;VEGAN;35237;92;95;98;true;1;Person150;Person157;0;8.685748964106464;50.582358964106454;VEGAN;35243;90;95;97;true;2;Person99;Person89;0;8.67304814385841;50.57709814385839;VEGAN;35239;91;95;96;true;3
102;2;Person200;Person236;0;8.661138031574977;50.576691831574976;VEGAN;35268;99;102;105;true;1;Person100;Person131;0;8.672565020199283;50.57914452019928;VEGAN;35298;100;102;107;true;2;Person37;Person187;0;8.671548852531592;50.590808852531595;VEGAN;35292;101;102;106;true;3
103;2;Person7;Personx3;1;8.661605134221313;50.57631493422131;VEGGIE;2;100;103;106;false;1;Person128;Person214;0;8.676411948295385;50.58098194829539;VEGAN;35303;101;103;105;true;2;Person235;Person61;0;8.67598973297304;50.585041532973044;VEGAN;35247;99;103;107;true;3
104;2;Person45;Personx19;1;8.678769443500073;50.57918034350008;VEGAN;18;101;104;107;false;1;Person51;Personx24;1;8.668340710895189;50.583463310895176;VEGAN;23;99;104;106;false;2;Person58;Person125;0;8.675871008421705;50.587372108421704;VEGAN;35238;100;104;105;true;3
111;2;Person183;Person10;0;8.719772776126227;50.591925376126234;VEGAN;35266;108;111;114;true;1;Person69;Personx33;1;8.68259769882404;50.58731039882404;VEGGIE;32;109;111;116;false;2;Person118;Personx52;1;8.675361827515003;50.576607127515;VEGGIE;51;110;111;115;false;3
112;2;Person123;Person20;0;8.713355020601862;50.60878552060185;VEGAN;35241;109;112;115;true;1;Person129;Personx56;1;8.681594030966668;50.58151713096667;VEGGIE;55;110;112;114;false;2;Person11;Personx4;1;8.681190328226592;50.57991322822659;VEGGIE;3;108;112;116;false;3
113;2;Person194;Person149;0;8.700981703134975;50.588465403134975;VEGAN;35267;110;113;116;true;1;Person120;Personx53;1;8.68348361247169;50.584671312471684;VEGGIE;52;108;113;115;false;2;Person121;Personx54;1;8.673342046004947;50.58207134600495;VEGGIE;53;109;113;114;false;3
120;2;Person36;Personx14;1;8.66139991973554;50.577341819735544;VEGGIE;13;117;120;123;false;1;Person127;Personx55;1;8.676555678271379;50.580791978271364;VEGGIE;54;118;120;125;false;2;Person114;Personx49;1;8.677838956553922;50.59472645655391;VEGGIE;48;119;120;124;false;3
121;2;Person26;Personx10;1;8.67299054580773;50.576247145807734;VEGGIE;9;118;121;124;false;1;Person94;Personx44;1;8.677334512101142;50.584241512101144;VEGGIE;43;119;121;123;false;2;Person91;Personx42;1;8.674675114778584;50.585729414778584;VEGGIE;41;117;121;125;false;3
122;2;Person228;Personx73;1;8.675847472405028;50.57733957240503;VEGGIE;72;119;122;125;false;1;Person116;Personx50;1;8.673298097177828;50.57875489717783;VEGGIE;49;117;122;124;false;2;Person159;Personx65;1;8.675942781168803;50.59390988116879;VEGGIE;64;118;122;123;false;3
129;2;Person151;Personx63;1;8.7062086633943;50.589738663394314;VEGGIE;62;126;129;132;false;1;Person71;Personx35;1;8.681680738784756;50.58466573878476;VEGGIE;34;127;129;134;false;2;Person52;Personx25;1;8.669987238017324;50.585691138017324;VEGGIE;24;128;129;133;false;3
130;2;Person84;Personx40;1;8.682341842315855;50.58123324231586;VEGGIE;39;127;130;133;false;1;Person65;Personx30;1;8.678955722179989;50.59059052217999;VEGGIE;29;128;130;132;false;2;Person54;Personx26;1;8.673517508857538;50.586979008857526;VEGGIE;25;126;130;134;false;3
131;2;Person66;Personx31;1;8.682005004090913;50.58319270409091;VEGGIE;30;128;131;134;false;1;Person70;Personx34;1;8.682240307254789;50.58401170725479;VEGGIE;33;126;131;133;false;2;Person64;Personx29;1;8.672532995582184;50.58742299558219;VEGGIE;28;127;131;132;false;3
138;2;Person74;Personx36;1;8.669987238017324;50.585691138017324;VEGAN;35;135;138;141;false;1;Person3;Personx1;1;8.681372017093311;50.5820794170933;VEGAN;0;136;138;143;false;2;Person107;Personx47;1;8.673384877370186;50.58417547737018;VEGGIE;46;137;138;142;false;3
139;2;Person143;Personx60;1;8.708555109865832;50.58999210986583;VEGGIE;59;136;139;142;false;1;Person148;Personx62;1;8.677990515344048;50.58256051534405;VEGAN;61;137;139;141;false;2;Person184;Personx71;1;8.671538236138767;50.57300523613877;VEGAN;70;135;139;143;false;3
140;2;Person182;Personx70;1;8.707346009513081;50.58878300951308;VEGAN;69;137;140;143;false;1;Person68;Personx32;1;8.66915582248653;50.572325822486526;VEGAN;31;135;140;142;false;2;Person176;Personx67;1;8.676798741197352;50.58160214119735;VEGAN;66;136;140;141;false;3
6;3;Person79;Person8;0;8.668413178974852;50.574996578974854;MEAT;35274;0;3;6;true;1;Person77;Personx37;1;8.676578081971023;50.57886008197102;ANY;36;2;4;6;false;2;Person31;Person229;0;8.683892496066427;50.588605196066425;ANY;35290;1;5;6;true;3
7;3;Person117;Personx51;1;8.663883678905329;50.57841747890533;ANY;50;1;4;7;false;1;Person80;Person82;0;8.671401346943897;50.5803595469439;MEAT;35275;0;5;7;true;2;Person18;Person212;0;8.686040586618924;50.58646798661892;ANY;35288;2;3;7;true;3
8;3;Person137;Person193;0;8.681216602209107;50.5775551022091;ANY;35304;2;5;8;true;1;Person173;Person230;0;8.672507551495851;50.58594115149584;ANY;35313;1;3;8;true;2;Person203;Person96;0;8.67298543444136;50.58641903444135;MEAT;35282;0;4;8;true;3
15;3;Person21;Personx7;1;8.685734197139844;50.576635397139846;ANY;6;9;12;15;false;1;Person98;Personx45;1;8.674957917295314;50.58590161729532;ANY;44;11;13;15;false;2;Person85;Person46;0;8.67700965640616;50.587075956406174;MEAT;35276;10;14;15;true;3
16;3;Person163;Person224;0;8.684518874971834;50.57930597497183;ANY;35310;10;13;16;true;1;Person113;Person67;0;8.67593888164987;50.58044888164987;ANY;35301;9;14;16;true;2;Person168;Person227;0;8.68151506608149;50.59463476608149;ANY;35312;11;12;16;true;3
17;3;Person9;Person156;0;8.667047732873854;50.58279563287387;ANY;35285;11;14;17;true;1;Person49;Personx22;1;8.678883636644958;50.587188736644954;ANY;21;10;12;17;false;2;Person24;Personx8;1;8.676057363906686;50.586267363906686;MEAT;7;9;13;17;false;3
24;3;Person73;Person162;0;8.692939021612922;50.592228121612926;ANY;35296;18;21;24;true;1;Person22;Person217;0;8.687233052727542;50.598128052727546;ANY;35289;20;22;24;true;2;Person97;Person197;0;8.683673316074112;50.595896616074114;MEAT;35277;19;23;24;true;3
25;3;Person102;Person191;0;8.689115693797275;50.60129999379728;ANY;35299;19;22;25;true;1;Person147;Person103;0;8.667047732873854;50.58279563287387;MEAT;35278;18;23;25;true;2;Person47;Personx20;1;8.68003563518013;50.59493573518013;ANY;19;20;21;25;false;3
26;3;Person188;Person87;0;8.690880762836139;50.59767386283614;ANY;35315;20;23;26;true;1;Person75;Person17;0;8.688248785207652;50.58700358520764;MEAT;35297;19;21;26;true;2;Person154;Person223;0;8.686014200624939;50.59846340062495;ANY;35307;18;22;26;true;3
33;3;Person32;Personx11;1;8.715372110353728;50.58857771035373;ANY;10;27;30;33;false;1;Person12;Person234;0;8.674385041595894;50.581491541595895;MEAT;35286;29;31;33;true;2;Person186;Person219;0;8.677227638993099;50.5782781389931;MEAT;35280;28;32;33;true;3
34;3;Person174;Person201;0;8.658652129889349;50.57186242988934;MEAT;35279;28;31;34;true;1;Person34;Person134;0;8.690051707206509;50.58585800720651;ANY;35291;27;32;34;true;2;Person48;Personx21;1;8.676833411700072;50.587137211700075;ANY;20;29;30;34;false;3
35;3;Person41;Personx17;1;8.662779615006515;50.578473215006504;ANY;16;29;32;35;false;1;Person220;Person95;0;8.66972376389794;50.581443763897944;ANY;35318;28;30;35;true;2;Person192;Person5;0;8.681891196038887;50.576791396038885;MEAT;35281;27;31;35;true;3
42;3;Person55;Person166;0;8.66277111322317;50.578817813223175;ANY;35293;36;39;42;true;1;Person209;Person53;0;8.66552468117139;50.58983868117138;MEAT;35283;38;40;42;true;2;Person158;Person169;0;8.67353055827551;50.59210195827551;ANY;35308;37;41;42;true;3
43;3;Person132;Personx57;1;8.673128831119259;50.57748513111925;ANY;56;37;40;43;false;1;Person171;Personx66;1;8.669497129724807;50.582843329724795;MEAT;65;36;41;43;false;2;Person139;Personx58;1;8.666420803639866;50.593135003639865;ANY;57;38;39;43;false;3
44;3;Person78;Personx38;1;8.666914349610986;50.580148849610985;ANY;37;38;41;44;false;1;Person140;Personx59;1;8.675987725636151;50.58102612563615;MEAT;58;37;39;44;false;2;Person155;Personx64;1;8.675285592695355;50.586022292695354;ANY;63;36;40;44;false;3
51;3;Person6;Person211;0;8.694084936773008;50.584194536773;VEGGIE;35284;45;48;51;true;1;Person33;Personx12;1;8.668840259833873;50.58220355983387;VEGGIE;11;47;49;51;false;2;Person144;Personx61;1;8.67508333594985;50.58621323594985;VEGGIE;60;46;50;51;false;3
52;3;Person170;Person126;0;8.676728843354113;50.57670884335411;VEGGIE;35263;46;49;52;true;1;Person30;Person198;0;8.681194363620625;50.582011463620624;VEGGIE;35248;45;50;52;true;2;Person14;Person237;0;8.680194447739904;50.59294844773991;VEGGIE;35287;47;48;52;true;3
53;3;Person133;Person43;0;8.67073904401206;50.57969724401207;VEGGIE;35258;47;50;53;true;1;Person25;Personx9;1;8.67437965355096;50.585509553550956;VEGGIE;8;46;48;53;false;2;Person104;Person92;0;8.679545611822883;50.58921591182288;VEGGIE;35253;45;49;53;true;3
60;3;Person130;Person90;0;8.705241939354703;50.58915193935471;VEGGIE;35257;54;57;60;true;1;Person44;Person88;0;8.675704758682452;50.57915105868245;VEGGIE;35249;56;58;60;true;2;Person101;Person199;0;8.675937684874144;50.59345798487414;VEGGIE;35252;55;59;60;true;3
61;3;Person106;Personx46;1;8.693517538734978;50.587770238734976;VEGGIE;45;55;58;61;false;1;Person165;Person210;0;8.68155454839554;50.58184724839554;VEGGIE;35311;54;59;61;true;2;Person122;Person1;0;8.673368271555807;50.5941282715558;VEGGIE;35302;56;57;61;true;3
62;3;Person108;Person13;0;8.674109948270395;50.5764905482704;VEGGIE;35255;56;59;62;true;1;Person76;Person145;0;8.677430757765212;50.58573585776521;VEGGIE;35251;55;57;62;true;2;Person153;Person181;0;8.672899467150245;50.58217946715025;VEGGIE;35260;54;58;62;true;3
69;3;Person62;Person2;0;8.718914539788807;50.590899839788804;VEGGIE;35250;63;66;69;true;1;Person233;Person205;0;8.69492300060721;50.60530490060721;VEGGIE;35273;65;67;69;true;2;Person115;Person29;0;8.690711820698867;50.598416220698866;VEGGIE;35256;64;68;69;true;3
70;3;Person167;Person206;0;8.709418000560788;50.58189800056079;VEGGIE;35262;64;67;70;true;1;Person109;Personx48;1;8.707162602581494;50.590692602581505;VEGGIE;47;63;68;70;false;2;Person152;Person60;0;8.668144436221954;50.58572953622196;VEGGIE;35306;65;66;70;true;3
71;3;Person136;Person135;0;8.70559476974097;50.605091169740966;VEGGIE;35259;65;68;71;true;1;Person221;Person215;0;8.70259909717049;50.58946689717049;VEGGIE;35271;64;66;71;true;2;Person105;Person112;0;8.667047732873854;50.58279563287387;VEGGIE;35254;63;67;71;true;3
78;3;Person164;Person196;0;8.65772146601726;50.57093176601726;VEGGIE;35261;72;75;78;true;1;Person208;Person213;0;8.671049007062663;50.585202807062664;VEGGIE;35316;74;76;78;true;2;Person40;Personx16;1;8.677676558333479;50.589846758333486;VEGGIE;15;73;77;78;false;3
79;3;Person4;Personx2;1;8.683278559866123;50.58156255986612;VEGGIE;1;73;76;79;false;1;Person160;Person146;0;8.667820533296938;50.58540563329694;VEGGIE;35309;72;77;79;true;2;Person218;Person225;0;8.674644627436523;50.59540462743652;VEGGIE;35317;74;75;79;true;3
80;3;Person142;Person23;0;8.669084504431382;50.58412450443137;VEGGIE;35305;74;77;80;true;1;Person172;Person232;0;8.68238010723739;50.58709280723739;VEGGIE;35264;73;75;80;true;2;Person185;Person226;0;8.676182964119043;50.58731286411904;VEGGIE;35314;72;76;80;true;3
87;3;Person189;Person161;0;8.696563125142836;50.606945025142835;VEGAN;35246;81;84;87;true;1;Person124;Person27;0;8.68117388238734;50.57964918238733;VEGAN;35242;83;85;87;true;2;Person207;Person63;0;8.674098255012767;50.58686865501276;VEGGIE;35270;82;86;87;true;3
88;3;Person178;Person204;0;8.698584217770424;50.58606791777043;VEGGIE;35265;82;85;88;true;1;Person180;Personx69;1;8.692885345053302;50.587227745053305;VEGGIE;68;81;86;88;false;2;Person202;Person216;0;8.669050525274022;50.58128902527402;VEGGIE;35269;83;84;88;true;3
89;3;Person175;Person141;0;8.697032225211784;50.58218232521178;VEGAN;35244;83;86;89;true;1;Person56;Person195;0;8.690842318196824;50.58499141819682;VEGGIE;35294;82;84;89;true;2;Person38;Personx15;1;8.68087643265624;50.579335732656226;VEGAN;14;81;85;89;false;3
96;3;Person119;Person231;0;8.705518693858256;50.58904869385827;VEGAN;35240;90;93;96;true;1;Person222;Person111;0;8.682407402875608;50.58129880287561;VEGGIE;35272;92;94;96;true;2;Person99;Person89;0;8.67304814385841;50.57709814385839;VEGAN;35239;91;95;96;true;3
97;3;Person179;Person39;0;8.691501482641602;50.5856505826416;VEGAN;35245;91;94;97;true;1;Person150;Person157;0;8.685748964106464;50.582358964106454;VEGAN;35243;90;95;97;true;2;Person110;Person138;0;8.669735587270592;50.584974587270594;VEGAN;35300;92;93;97;true;3
98;3;Person15;Person81;0;8.68696797205963;50.57840827205963;VEGAN;35237;92;95;98;true;1;Person16;Personx5;1;8.683101670107648;50.584839070107655;VEGAN;4;91;93;98;false;2;Person72;Person28;0;8.678239596150528;50.59166039615053;VEGAN;35295;90;94;98;true;3
105;3;Person200;Person236;0;8.661138031574977;50.576691831574976;VEGAN;35268;99;102;105;true;1;Person128;Person214;0;8.676411948295385;50.58098194829539;VEGAN;35303;101;103;105;true;2;Person58;Person125;0;8.675871008421705;50.587372108421704;VEGAN;35238;100;104;105;true;3
106;3;Person7;Personx3;1;8.661605134221313;50.57631493422131;VEGGIE;2;100;103;106;false;1;Person51;Personx24;1;8.668340710895189;50.583463310895176;VEGAN;23;99;104;106;false;2;Person37;Person187;0;8.671548852531592;50.590808852531595;VEGAN;35292;101;102;106;true;3
107;3;Person45;Personx19;1;8.678769443500073;50.57918034350008;VEGAN;18;101;104;107;false;1;Person100;Person131;0;8.672565020199283;50.57914452019928;VEGAN;35298;100;102;107;true;2;Person235;Person61;0;8.67598973297304;50.585041532973044;VEGAN;35247;99;103;107;true;3
114;3;Person183;Person10;0;8.719772776126227;50.591925376126234;VEGAN;35266;108;111;114;true;1;Person129;Personx56;1;8.681594030966668;50.58151713096667;VEGGIE;55;110;112;114;false;2;Person121;Personx54;1;8.673342046004947;50.58207134600495;VEGGIE;53;109;113;114;false;3
115;3;Person123;Person20;0;8.713355020601862;50.60878552060185;VEGAN;35241;109;112;115;true;1;Person120;Personx53;1;8.68348361247169;50.584671312471684;VEGGIE;52;108;113;115;false;2;Person118;Personx52;1;8.675361827515003;50.576607127515;VEGGIE;51;110;111;115;false;3
116;3;Person194;Person149;0;8.700981703134975;50.588465403134975;VEGAN;35267;110;113;116;true;1;Person69;Personx33;1;8.68259769882404;50.58731039882404;VEGGIE;32;109;111;116;false;2;Person11;Personx4;1;8.681190328226592;50.57991322822659;VEGGIE;3;108;112;116;false;3
123;3;Person36;Personx14;1;8.66139991973554;50.577341819735544;VEGGIE;13;117;120;123;false;1;Person94;Personx44;1;8.677334512101142;50.584241512101144;VEGGIE;43;119;121;123;false;2;Person159;Personx65;1;8.675942781168803;50.59390988116879;VEGGIE;64;118;122;123;false;3
124;3;Person26;Personx10;1;8.67299054580773;50.576247145807734;VEGGIE;9;118;121;124;false;1;Person116;Personx50;1;8.673298097177828;50.57875489717783;VEGGIE;49;117;122;124;false;2;Person114;Personx49;1;8.677838956553922;50.59472645655391;VEGGIE;48;119;120;124;false;3
125;3;Person228;Personx73;1;8.675847472405028;50.57733957240503;VEGGIE;72;119;122;125;false;1;Person127;Personx55;1;8.676555678271379;50.580791978271364;VEGGIE;54;118;120;125;false;2;Person91;Personx42;1;8.674675114778584;50.585729414778584;VEGGIE;41;117;121;125;false;3
132;3;Person151;Personx63;1;8.7062086633943;50.589738663394314;VEGGIE;62;126;129;132;false;1;Person65;Personx30;1;8.678955722179989;50.59059052217999;VEGGIE;29;128;130;132;false;2;Person64;Personx29;1;8.672532995582184;50.58742299558219;VEGGIE;28;127;131;132;false;3
133;3;Person84;Personx40;1;8.682341842315855;50.58123324231586;VEGGIE;39;127;130;133;false;1;Person70;Personx34;1;8.682240307254789;50.58401170725479;VEGGIE;33;126;131;133;false;2;Person52;Personx25;1;8.669987238017324;50.585691138017324;VEGGIE;24;128;129;133;false;3
134;3;Person66;Personx31;1;8.682005004090913;50.58319270409091;VEGGIE;30;128;131;134;false;1;Person71;Personx35;1;8.681680738784756;50.58466573878476;VEGGIE;34;127;129;134;false;2;Person54;Personx26;1;8.673517508857538;50.586979008857526;VEGGIE;25;126;130;134;false;3
141;3;Person74;Personx36;1;8.669987238017324;50.585691138017324;VEGAN;35;135;138;141;false;1;Person148;Personx62;1;8.677990515344048;50.58256051534405;VEGAN;61;137;139;141;false;2;Person176;Personx67;1;8.676798741197352;50.58160214119735;VEGAN;66;136;140;141;false;3
142;3;Person143;Personx60;1;8.708555109865832;50.58999210986583;VEGGIE;59;136;139;142;false;1;Person68;Personx32;1;8.66915582248653;50.572325822486526;VEGAN;31;135;140;142;false;2;Person107;Personx47;1;8.673384877370186;50.58417547737018;VEGGIE;46;137;138;142;false;3
143;3;Person182;Personx70;1;8.707346009513081;50.58878300951308;VEGAN;69;137;140;143;false;1;Person3;Personx1;1;8.681372017093311;50.5820794170933;VEGAN;0;136;138;143;false;2;Person184;Personx71;1;8.671538236138767;50.57300523613877;VEGAN;70;135;139;143;false;3